{
  "luis_schema_version": "3.0.0",
  "versionId": "0.1",
  "name": "LuisBot",
  "desc": "",
  "culture": "en-us",
  "intents": [{
      "name": "Help"
    },
    {
      "name": "None"
    },
    {
      "name": "SearchHotels"
    },
    {
      "name": "ShowBooking"
    },
    {
      "name": "ShowHotelsReviews"
    }
  ],
  "entities": [{
      "name": "AirportCode",
      "roles": []
    },
    {
      "name": "BookingCode",
      "roles": []
    },
    {
      "name": "Hotel",
      "roles": []
    }
  ],
  "composites": [],
  "closedLists": [],
  "patternAnyEntities": [],
  "regex_entities": [],
  "prebuiltEntities": [{
      "name": "datetimeV2",
      "roles": []
    },
    {
      "name": "money",
      "roles": []
    },
    {
      "name": "number",
      "roles": []
    }
  ],
  "model_features": [{
      "name": "Near",
      "mode": true,
      "words": "near,around,close,nearby",
      "activated": true
    },
    {
      "name": "Show",
      "mode": true,
      "words": "show,find,look,search,check",
      "activated": true
    },
    {
      "name": "Booking",
      "mode": true,
      "words": "booking,reservation",
      "activated": true
    }
  ],
  "regex_features": [
    {
      "name": "AirportCodeRegex",
      "pattern": "[a-z]{3}",
      "activated": true
    },
    {
      "name": "BookingCodeRegex",
      "pattern": "[a-z]{5}[1-9]{1}",
      "activated": true
    }
  ],
  "patterns": [],
  "utterances": [{
      "text": "best hotels in seattle",
      "intent": "SearchHotels",
      "entities": []
    },
    {
      "text": "can i see my booking abce1",
      "intent": "ShowBooking",
      "entities": [{
        "entity": "BookingCode",
        "startPos": 21,
        "endPos": 25
      }]
    },
    {
      "text": "can i see the reviews of extended bot hotel?",
      "intent": "ShowHotelsReviews",
      "entities": [{
        "entity": "Hotel",
        "startPos": 25,
        "endPos": 42
      }]
    },
    {
      "text": "can you show me hotels from los angeles?",
      "intent": "SearchHotels",
      "entities": []
    },
    {
      "text": "can you show me the reviews of the amazing resort & hotel",
      "intent": "ShowHotelsReviews",
      "entities": [{
        "entity": "Hotel",
        "startPos": 31,
        "endPos": 56
      }]
    },
    {
      "text": "check my reservation number trwur6",
      "intent": "ShowBooking",
      "entities": [{
        "entity": "BookingCode",
        "startPos": 28,
        "endPos": 33
      }]
    },
    {
      "text": "find hotels around eze airport",
      "intent": "SearchHotels",
      "entities": [{
        "entity": "AirportCode",
        "startPos": 19,
        "endPos": 21
      }]
    },
    {
      "text": "find hotels near agl",
      "intent": "SearchHotels",
      "entities": [{
        "entity": "AirportCode",
        "startPos": 17,
        "endPos": 19
      }]
    },
    {
      "text": "find hotels near eze",
      "intent": "SearchHotels",
      "entities": [{
        "entity": "AirportCode",
        "startPos": 17,
        "endPos": 19
      }]
    },
    {
      "text": "find reviews of hotelxya",
      "intent": "ShowHotelsReviews",
      "entities": [{
        "entity": "Hotel",
        "startPos": 16,
        "endPos": 23
      }]
    },
    {
      "text": "hello",
      "intent": "Help",
      "entities": []
    },
    {
      "text": "help me",
      "intent": "Help",
      "entities": []
    },
    {
      "text": "hotels in los angeles",
      "intent": "SearchHotels",
      "entities": []
    },
    {
      "text": "i need help",
      "intent": "Help",
      "entities": []
    },
    {
      "text": "look for hotels in miami",
      "intent": "SearchHotels",
      "entities": []
    },
    {
      "text": "search for hotels in seattle",
      "intent": "SearchHotels",
      "entities": []
    },
    {
      "text": "search hotels seattle",
      "intent": "ShowHotelsReviews",
      "entities": []
    },
    {
      "text": "search hotels seattle near jfk airport",
      "intent": "SearchHotels",
      "entities": [{
        "entity": "AirportCode",
        "startPos": 27,
        "endPos": 29
      }]
    },
    {
      "text": "seattle",
      "intent": "SearchHotels",
      "entities": []
    },
    {
      "text": "show hotels near att airport",
      "intent": "SearchHotels",
      "entities": [{
        "entity": "AirportCode",
        "startPos": 17,
        "endPos": 19
      }]
    },
    {
      "text": "show me hotels in california",
      "intent": "SearchHotels",
      "entities": []
    },
    {
      "text": "show me reviews of the amazing hotel",
      "intent": "ShowHotelsReviews",
      "entities": [{
        "entity": "Hotel",
        "startPos": 19,
        "endPos": 35
      }]
    },
    {
      "text": "show me the reviews of the amazing bot resort",
      "intent": "ShowHotelsReviews",
      "entities": [
        {
          "entity": "Hotel",
          "startPos": 23,
          "endPos": 44
        }
      ]
    },
    {
      "text": "show my reservation qwert1",
      "intent": "ShowBooking",
      "entities": [{
        "entity": "BookingCode",
        "startPos": 20,
        "endPos": 25
      }]
    },
    {
      "text": "what are the available options?",
      "intent": "Help",
      "entities": []
    },
    {
      "text": "what are the reviews of the hotel bot framework?",
      "intent": "ShowHotelsReviews",
      "entities": [{
        "entity": "Hotel",
        "startPos": 24,
        "endPos": 46
      }]
    },
    {
      "text": "what can i do?",
      "intent": "Help",
      "entities": []
    },
    {
      "text": "where can i stay near nnn?",
      "intent": "SearchHotels",
      "entities": [{
        "entity": "AirportCode",
        "startPos": 22,
        "endPos": 24
      }]
    }
  ]
}